<pos_slideshow>
<!-- slideshow  configuration -->
	<slideshow>
		<id_pos_slideshow>9</id_pos_slideshow>
		<porder>0</porder>
		<active>1</active>
	</slideshow>
	
	<slideshow>
		<id_pos_slideshow>10</id_pos_slideshow>
		<porder>0</porder>
		<active>1</active>
	</slideshow>
<!-- language 1 -->
	<slideshow_lang>
		<id_pos_slideshow>9</id_pos_slideshow>
		<id_lang>1</id_lang>
		<title>title</title>
		<link>16-man</link>
		<description>
		<![CDATA[
			<div class="desc_slider">
			<div class="content_in">
			<p class="txt1 fontcustom1">Best selling products with our</p>
			<p class="txt2 fontcustom1">Bestselling<br />Products.</p>
			<p class="txt3">Eodem modo typi, qui nunc nobis videntur parum clari, fiant sollemnes in futurum.</p>
			<a href="16-man" class="lnk_more fontcustom1 _blank">learn more</a></div>
			</div>
		]]>
		</description>
	</slideshow_lang>
	
	<slideshow_lang>
		<id_pos_slideshow>10</id_pos_slideshow>
		<id_lang>1</id_lang>
		<title>title</title>
		<link>16-man</link>
		<description>
		<![CDATA[
			<div class="desc_slider">
			<div class="content_in">
			<p class="txt1 fontcustom1">Best selling products with our</p>
			<p class="txt2 fontcustom1">Bestselling<br />Products.</p>
			<p class="txt3">Eodem modo typi, qui nunc nobis videntur parum clari, fiant sollemnes in futurum.</p>
			<a href="16-man" class="lnk_more fontcustom1 _blank">learn more</a></div>
			</div>
		]]>
		</description>
	</slideshow_lang>
	
	<!-- language2 -->
	
	<slideshow_lang>
		<id_pos_slideshow>9</id_pos_slideshow>
		<id_lang>2</id_lang>
		<title>title</title>
		<link>16-man</link>
		<description>
		<![CDATA[
			<div class="desc_slider">
			<div class="content_in">
			<p class="txt1 fontcustom1">Best selling products with our</p>
			<p class="txt2 fontcustom1">Bestselling<br />Products.</p>
			<p class="txt3">Eodem modo typi, qui nunc nobis videntur parum clari, fiant sollemnes in futurum.</p>
			<a href="16-man" class="lnk_more fontcustom1 _blank">learn more</a></div>
			</div>
		]]>
		</description>
	</slideshow_lang>
	
	<slideshow_lang>
		<id_pos_slideshow>10</id_pos_slideshow>
		<id_lang>2</id_lang>
		<title>title</title>
		<link>16-man</link>
		<description>
		<![CDATA[
			<div class="desc_slider">
			<div class="content_in">
			<p class="txt1 fontcustom1">Best selling products with our</p>
			<p class="txt2 fontcustom1">Bestselling<br />Products.</p>
			<p class="txt3">Eodem modo typi, qui nunc nobis videntur parum clari, fiant sollemnes in futurum.</p>
			<a href="16-man" class="lnk_more fontcustom1 _blank">learn more</a></div>
			</div>
		]]>
		</description>
	</slideshow_lang>
	
<!-- slideshop configuration -->
	<slideshow_shop>
		<id_pos_slideshow>9</id_pos_slideshow>
		<id_shop>1</id_shop>
	</slideshow_shop>
	<slideshow_shop>
		<id_pos_slideshow>10</id_pos_slideshow>
		<id_shop>1</id_shop>
	</slideshow_shop>
</pos_slideshow>