<pos_static_blocks>
<!-- static block configuration -->
	
	<block>
		<id_posstaticblock>3</id_posstaticblock>
		<identify>pt_menu_idcat_3</identify>
		<hook_position>top</hook_position>
		<name_module></name_module>
		<hook_module></hook_module>
		<posorder>0</posorder>
		<insert_module>0</insert_module>
		<active>0</active>
		<showhook>0</showhook>
	</block>
	
<!-- block lang configuration -->
	
	<block_lang>
		<id_posstaticblock>3</id_posstaticblock>
		<id_lang>1</id_lang>
		<title>Category Thumbnail 12</title>
		<description>
			<![CDATA[
				<div class="block_menu">
				<div class="row">
				<div class="col-xs-12 col-sm-4 col-width"><a href="16-man"> <img src="/posthemes/pos_ruby/img/cms/thumb1.jpg" alt="" class="img-responsive" /> </a></div>
				<div class="col-xs-12 col-sm-4 col-width"><a href="17-woman"> <img src="/posthemes/pos_ruby/img/cms/thumb2.jpg" alt="" class="img-responsive" /> </a></div>
				<div class="col-xs-12 col-sm-4 col-width"><a href="18-kid"> <img src="/posthemes/pos_ruby/img/cms/thumb3.jpg" alt="" class="img-responsive" /> </a></div>
				</div>
				</div>
			]]>
		</description>
	</block_lang>
	
	<!-- language2 -->	
	
	<block_lang>
		<id_posstaticblock>3</id_posstaticblock>
		<id_lang>2</id_lang>
		<title>Category Thumbnail 12</title>
		<description>
			<![CDATA[
				<div class="block_menu">
				<div class="row">
				<div class="col-xs-12 col-sm-4 col-width"><a href="16-man"> <img src="/posthemes/pos_ruby/img/cms/thumb1.jpg" alt="" class="img-responsive" /> </a></div>
				<div class="col-xs-12 col-sm-4 col-width"><a href="17-woman"> <img src="/posthemes/pos_ruby/img/cms/thumb2.jpg" alt="" class="img-responsive" /> </a></div>
				<div class="col-xs-12 col-sm-4 col-width"><a href="18-kid"> <img src="/posthemes/pos_ruby/img/cms/thumb3.jpg" alt="" class="img-responsive" /> </a></div>
				</div>
				</div>
			]]>
		</description>
	</block_lang>
	
<!-- block shop configuration -->
	<block_shop>
		<id_posstaticblock>3</id_posstaticblock>
		<id_shop>1</id_shop>
	</block_shop>
</pos_static_blocks>